zipcode,city,state_code,state_name,zcta,zcta_parent,population,density,county_code,county_name,county_weights,county_names,county_codes,imprecise,military,timezone,geo_point
58784,Stanley,ND,North Dakota,True,,3528.0,4.2,38061,Mountrail,"{""38061"": ""99.18"", ""38013"": ""0.82""}","Mountrail,Burke","38061,38013",False,False,America/Chicago,"48.36434, -102.42438"
58017,Cogswell,ND,North Dakota,True,,268.0,0.5,38081,Sargent,"{""38081"": ""100""}",Sargent,38081,False,False,America/Chicago,"46.0411, -97.84257"
58029,Erie,ND,North Dakota,True,,59.0,0.5,38017,Cass,"{""38017"": ""100""}",Cass,38017,False,False,America/Chicago,"47.11674, -97.40006"
58203,Grand Forks,ND,North Dakota,True,,16190.0,92.2,38035,Grand Forks,"{""38035"": ""100""}",Grand Forks,38035,False,False,America/Chicago,"47.97217, -97.15496"
58212,Aneta,ND,North Dakota,True,,510.0,1.0,38063,Nelson,"{""38063"": ""70.89"", ""38039"": ""21.52"", ""38035"": ""4.01"", ""38091"": ""3.59""}","Nelson,Griggs,Grand Forks,Steele","38063,38039,38035,38091",False,False,America/Chicago,"47.70512, -97.99942"
58214,Arvilla,ND,North Dakota,True,,319.0,1.8,38035,Grand Forks,"{""38035"": ""100""}",Grand Forks,38035,False,False,America/Chicago,"47.92461, -97.49967"
58261,Minto,ND,North Dakota,True,,1134.0,3.1,38099,Walsh,"{""38099"": ""93.79"", ""38035"": ""6.21""}","Walsh,Grand Forks","38099,38035",False,False,America/Chicago,"48.23978, -97.31189"
58317,Bisbee,ND,North Dakota,True,,222.0,0.6,38095,Towner,"{""38095"": ""100""}",Towner,38095,False,False,America/Chicago,"48.61861, -99.38178"
58381,Warwick,ND,North Dakota,True,,319.0,0.8,38005,Benson,"{""38005"": ""72.24"", ""38027"": ""27.76""}","Benson,Eddy","38005,38027",False,False,America/Chicago,"47.83267, -98.74062"
58420,Buchanan,ND,North Dakota,True,,311.0,0.7,38093,Stutsman,"{""38093"": ""100""}",Stutsman,38093,False,False,America/Chicago,"47.06133, -98.86783"
58558,Menoken,ND,North Dakota,True,,974.0,2.4,38015,Burleigh,"{""38015"": ""100""}",Burleigh,38015,False,False,America/Chicago,"46.82637, -100.51066"
58642,Manning,ND,North Dakota,True,,304.0,0.7,38025,Dunn,"{""38025"": ""94.31"", ""38007"": ""5.69""}","Dunn,Billings","38025,38007",False,False,America/Denver,"47.20868, -102.84273"
58705,Minot Afb,ND,North Dakota,True,,527.0,1367.3,38101,Ward,"{""38101"": ""100""}",Ward,38101,False,False,America/Chicago,"48.42237, -101.33389"
58004,Amenia,ND,North Dakota,True,,290.0,2.0,38017,Cass,"{""38017"": ""100""}",Cass,38017,False,False,America/Chicago,"47.02568, -97.26258"
58201,Grand Forks,ND,North Dakota,True,,40643.0,222.1,38035,Grand Forks,"{""38035"": ""100""}",Grand Forks,38035,False,False,America/Chicago,"47.87121, -97.14106"
58210,Adams,ND,North Dakota,True,,319.0,0.8,38099,Walsh,"{""38099"": ""100""}",Walsh,38099,False,False,America/Chicago,"48.40897, -98.10711"
58239,Hannah,ND,North Dakota,True,,12.0,0.1,38019,Cavalier,"{""38019"": ""100""}",Cavalier,38019,False,False,America/Chicago,"48.94042, -98.70665"
58425,Cooperstown,ND,North Dakota,True,,1426.0,2.6,38039,Griggs,"{""38039"": ""100""}",Griggs,38039,False,False,America/Chicago,"47.45614, -98.1243"
58477,Regan,ND,North Dakota,True,,95.0,0.3,38015,Burleigh,"{""38015"": ""100""}",Burleigh,38015,False,False,America/Chicago,"47.21577, -100.50904"
58544,Hazelton,ND,North Dakota,True,,558.0,0.6,38029,Emmons,"{""38029"": ""100""}",Emmons,38029,False,False,America/Chicago,"46.50851, -100.36917"
58561,Napoleon,ND,North Dakota,True,,1055.0,1.2,38047,Logan,"{""38047"": ""100""}",Logan,38047,False,False,America/Chicago,"46.48704, -99.68333"
58573,Strasburg,ND,North Dakota,True,,608.0,1.1,38029,Emmons,"{""38029"": ""100""}",Emmons,38029,False,False,America/Chicago,"46.10009, -100.20329"
58734,Donnybrook,ND,North Dakota,True,,351.0,0.7,38101,Ward,"{""38101"": ""57.26"", ""38061"": ""31.54"", ""38075"": ""11.2""}","Ward,Mountrail,Renville","38101,38061,38075",False,False,America/Chicago,"48.51538, -101.94471"
58021,Davenport,ND,North Dakota,True,,506.0,3.0,38017,Cass,"{""38017"": ""100""}",Cass,38017,False,False,America/Chicago,"46.73761, -97.08518"
58103,Fargo,ND,North Dakota,True,,48328.0,1652.0,38017,Cass,"{""38017"": ""100""}",Cass,38017,False,False,America/Chicago,"46.85617, -96.82207"
58230,Finley,ND,North Dakota,True,,585.0,1.4,38091,Steele,"{""38091"": ""100""}",Steele,38091,False,False,America/Chicago,"47.48413, -97.83358"
58249,Langdon,ND,North Dakota,True,,2525.0,2.4,38019,Cavalier,"{""38019"": ""100""}",Cavalier,38019,False,False,America/Chicago,"48.82348, -98.32857"
58265,Neche,ND,North Dakota,True,,480.0,2.1,38067,Pembina,"{""38067"": ""100""}",Pembina,38067,False,False,America/Chicago,"48.95104, -97.60765"
58431,Dickey,ND,North Dakota,True,,105.0,0.6,38045,LaMoure,"{""38045"": ""100""}",LaMoure,38045,False,False,America/Chicago,"46.50768, -98.48494"
58482,Steele,ND,North Dakota,True,,958.0,1.6,38043,Kidder,"{""38043"": ""100""}",Kidder,38043,False,False,America/Chicago,"46.85515, -99.89895"
58520,Almont,ND,North Dakota,True,,132.0,0.3,38059,Morton,"{""38059"": ""84.47"", ""38037"": ""15.53""}","Morton,Grant","38059,38037",False,False,America/North_Dakota/New_Salem,"46.68174, -101.54687"
58620,Amidon,ND,North Dakota,True,,132.0,0.2,38087,Slope,"{""38087"": ""93.94"", ""38007"": ""6.06""}","Slope,Billings","38087,38007",False,False,America/Denver,"46.50431, -103.33089"
58737,Flaxton,ND,North Dakota,True,,184.0,0.5,38013,Burke,"{""38013"": ""100""}",Burke,38013,False,False,America/Chicago,"48.92147, -102.39152"
58789,Upham,ND,North Dakota,True,,285.0,0.8,38049,McHenry,"{""38049"": ""96.88"", ""38009"": ""3.12""}","McHenry,Bottineau","38049,38009",False,False,America/Chicago,"48.559, -100.8161"
58030,Fairmount,ND,North Dakota,True,,604.0,1.8,38077,Richland,"{""38077"": ""100""}",Richland,38077,False,False,America/Chicago,"46.03005, -96.67008"
58052,Leonard,ND,North Dakota,True,,571.0,1.5,38017,Cass,"{""38017"": ""78.31"", ""38077"": ""18.76"", ""38073"": ""2.93""}","Cass,Richland,Ransom","38017,38077,38073",False,False,America/Chicago,"46.63502, -97.27877"
58067,Rutland,ND,North Dakota,True,,217.0,1.5,38081,Sargent,"{""38081"": ""100""}",Sargent,38081,False,False,America/Chicago,"46.06474, -97.48782"
58244,Inkster,ND,North Dakota,True,,101.0,0.7,38035,Grand Forks,"{""38035"": ""100""}",Grand Forks,38035,False,False,America/Chicago,"48.14307, -97.61472"
58266,Niagara,ND,North Dakota,True,,208.0,0.7,38035,Grand Forks,"{""38035"": ""87.68"", ""38063"": ""12.32""}","Grand Forks,Nelson","38035,38063",False,False,America/Chicago,"48.00321, -97.8486"
58413,Ashley,ND,North Dakota,True,,949.0,0.8,38051,McIntosh,"{""38051"": ""96.7"", ""38021"": ""3.3""}","McIntosh,Dickey","38051,38021",False,False,America/Chicago,"46.0347, -99.30717"
58415,Berlin,ND,North Dakota,True,,201.0,1.3,38045,LaMoure,"{""38045"": ""100""}",LaMoure,38045,False,False,America/Chicago,"46.37119, -98.49156"
58703,Minot,ND,North Dakota,True,,23640.0,56.9,38101,Ward,"{""38101"": ""100""}",Ward,38101,False,False,America/Chicago,"48.33057, -101.31556"
58725,Carpio,ND,North Dakota,True,,426.0,1.1,38101,Ward,"{""38101"": ""73.61"", ""38075"": ""26.39""}","Ward,Renville","38101,38075",False,False,America/Chicago,"48.49193, -101.68351"
58456,Kulm,ND,North Dakota,True,,517.0,0.9,38045,LaMoure,"{""38045"": ""87"", ""38021"": ""9.94"", ""38051"": ""3.06""}","LaMoure,Dickey,McIntosh","38045,38021,38051",False,False,America/Chicago,"46.26552, -98.946"
58530,Center,ND,North Dakota,True,,1042.0,1.2,38065,Oliver,"{""38065"": ""100""}",Oliver,38065,False,False,America/North_Dakota/Center,"47.12919, -101.15012"
58580,Zap,ND,North Dakota,True,,366.0,0.9,38057,Mercer,"{""38057"": ""100""}",Mercer,38057,False,False,America/North_Dakota/Beulah,"47.25974, -101.93177"
58765,Noonan,ND,North Dakota,True,,291.0,0.7,38023,Divide,"{""38023"": ""100""}",Divide,38023,False,False,America/Chicago,"48.87741, -103.0399"
58769,Palermo,ND,North Dakota,True,,192.0,0.4,38061,Mountrail,"{""38061"": ""100""}",Mountrail,38061,False,False,America/Chicago,"48.32321, -102.22117"
58773,Powers Lake,ND,North Dakota,True,,930.0,1.2,38013,Burke,"{""38013"": ""81.37"", ""38061"": ""18.63""}","Burke,Mountrail","38013,38061",False,False,America/Chicago,"48.58083, -102.65891"
58787,Tolley,ND,North Dakota,True,,153.0,0.6,38075,Renville,"{""38075"": ""100""}",Renville,38075,False,False,America/Chicago,"48.75721, -101.80563"
58794,White Earth,ND,North Dakota,True,,246.0,1.0,38061,Mountrail,"{""38061"": ""100""}",Mountrail,38061,False,False,America/Chicago,"48.26294, -102.77081"
58057,Mcleod,ND,North Dakota,True,,113.0,0.5,38077,Richland,"{""38077"": ""56.46"", ""38073"": ""43.54""}","Richland,Ransom","38077,38073",False,False,America/Chicago,"46.42444, -97.25723"
58058,Mantador,ND,North Dakota,True,,96.0,2.0,38077,Richland,"{""38077"": ""100""}",Richland,38077,False,False,America/Chicago,"46.18256, -96.96339"
58059,Mapleton,ND,North Dakota,True,,1471.0,4.6,38017,Cass,"{""38017"": ""100""}",Cass,38017,False,False,America/Chicago,"46.84414, -97.11661"
58104,Fargo,ND,North Dakota,True,,43363.0,584.2,38017,Cass,"{""38017"": ""100""}",Cass,38017,False,False,America/Chicago,"46.79325, -96.83971"
58204,Grand Forks Afb,ND,North Dakota,True,,2358.0,118.3,38035,Grand Forks,"{""38035"": ""100""}",Grand Forks,38035,False,False,America/Chicago,"47.95497, -97.38681"
58224,Dahlen,ND,North Dakota,True,,39.0,1.3,38063,Nelson,"{""38063"": ""100""}",Nelson,38063,False,False,America/Chicago,"48.17233, -97.94363"
58240,Hatton,ND,North Dakota,True,,1211.0,3.1,38097,Traill,"{""38097"": ""76.72"", ""38091"": ""14.26"", ""38035"": ""9.01""}","Traill,Steele,Grand Forks","38097,38091,38035",False,False,America/Chicago,"47.63421, -97.48282"
58260,Milton,ND,North Dakota,True,,179.0,0.5,38019,Cavalier,"{""38019"": ""100""}",Cavalier,38019,False,False,America/Chicago,"48.63512, -98.03472"
58278,Thompson,ND,North Dakota,True,,1982.0,6.2,38035,Grand Forks,"{""38035"": ""100""}",Grand Forks,38035,False,False,America/Chicago,"47.77313, -97.12866"
58348,Maddock,ND,North Dakota,True,,754.0,1.1,38005,Benson,"{""38005"": ""96.7"", ""38103"": ""3.3""}","Benson,Wells","38005,38103",False,False,America/Chicago,"47.96681, -99.52234"
58356,New Rockford,ND,North Dakota,True,,1695.0,2.3,38027,Eddy,"{""38027"": ""96.4"", ""38103"": ""2.68"", ""38031"": ""0.91""}","Eddy,Wells,Foster","38027,38103,38031",False,False,America/Chicago,"47.6733, -99.07125"
58357,Oberon,ND,North Dakota,True,,342.0,1.1,38005,Benson,"{""38005"": ""100""}",Benson,38005,False,False,America/Chicago,"47.94117, -99.23268"
58458,Lamoure,ND,North Dakota,True,,1253.0,2.5,38045,LaMoure,"{""38045"": ""99.21"", ""38021"": ""0.79""}","LaMoure,Dickey","38045,38021",False,False,America/Chicago,"46.36956, -98.29869"
58461,Litchville,ND,North Dakota,True,,383.0,0.7,38003,Barnes,"{""38003"": ""75.79"", ""38045"": ""24.21""}","Barnes,LaMoure","38003,38045",False,False,America/Chicago,"46.65292, -98.19499"
58566,Saint Anthony,ND,North Dakota,True,,113.0,0.5,38059,Morton,"{""38059"": ""100""}",Morton,38059,False,False,America/North_Dakota/New_Salem,"46.58322, -100.92538"
58568,Selfridge,ND,North Dakota,True,,697.0,0.6,38085,Sioux,"{""38085"": ""100""}",Sioux,38085,False,False,America/Chicago,"46.08787, -101.04722"
58601,Dickinson,ND,North Dakota,True,,26865.0,18.1,38089,Stark,"{""38089"": ""98.36"", ""38025"": ""1.64""}","Stark,Dunn","38089,38025",False,False,America/Denver,"46.91588, -102.83434"
58722,Burlington,ND,North Dakota,True,,1705.0,10.5,38101,Ward,"{""38101"": ""100""}",Ward,38101,False,False,America/Chicago,"48.23734, -101.49498"
58783,Souris,ND,North Dakota,True,,359.0,0.5,38009,Bottineau,"{""38009"": ""100""}",Bottineau,38009,False,False,America/Chicago,"48.89223, -100.75674"
58844,Fortuna,ND,North Dakota,True,,83.0,0.1,38023,Divide,"{""38023"": ""100""}",Divide,38023,False,False,America/Chicago,"48.88128, -103.74142"
58005,Argusville,ND,North Dakota,True,,992.0,3.8,38017,Cass,"{""38017"": ""100""}",Cass,38017,False,False,America/Chicago,"47.05288, -96.95089"
58065,Pillsbury,ND,North Dakota,True,,45.0,0.8,38003,Barnes,"{""38003"": ""100""}",Barnes,38003,False,False,America/Chicago,"47.18618, -97.76043"
58078,West Fargo,ND,North Dakota,True,,36020.0,354.2,38017,Cass,"{""38017"": ""100""}",Cass,38017,False,False,America/Chicago,"46.86303, -96.93126"
58235,Gilby,ND,North Dakota,True,,453.0,2.0,38035,Grand Forks,"{""38035"": ""100""}",Grand Forks,38035,False,False,America/Chicago,"48.09901, -97.47478"
58258,Mekinock,ND,North Dakota,True,,335.0,3.0,38035,Grand Forks,"{""38035"": ""100""}",Grand Forks,38035,False,False,America/Chicago,"48.01992, -97.34087"
58311,Alsen,ND,North Dakota,True,,62.0,0.2,38019,Cavalier,"{""38019"": ""100""}",Cavalier,38019,False,False,America/Chicago,"48.65243, -98.57949"
58355,Nekoma,ND,North Dakota,True,,79.0,0.7,38019,Cavalier,"{""38019"": ""100""}",Cavalier,38019,False,False,America/Chicago,"48.59091, -98.36628"
58384,Willow City,ND,North Dakota,True,,394.0,0.4,38009,Bottineau,"{""38009"": ""58.47"", ""38069"": ""17.3"", ""38049"": ""16.94"", ""38079"": ""7.29""}","Bottineau,Pierce,McHenry,Rolette","38009,38069,38049,38079",False,False,America/Chicago,"48.60286, -100.25675"
58422,Cathay,ND,North Dakota,True,,165.0,0.4,38103,Wells,"{""38103"": ""100""}",Wells,38103,False,False,America/Chicago,"47.59801, -99.40331"
58472,Montpelier,ND,North Dakota,True,,490.0,1.2,38093,Stutsman,"{""38093"": ""65.63"", ""38045"": ""34.37""}","Stutsman,LaMoure","38093,38045",False,False,America/Chicago,"46.64266, -98.66533"
58541,Golden Valley,ND,North Dakota,True,,613.0,1.3,38057,Mercer,"{""38057"": ""100""}",Mercer,38057,False,False,America/North_Dakota/Beulah,"47.36516, -102.06548"
58554,Mandan,ND,North Dakota,True,,26018.0,16.3,38059,Morton,"{""38059"": ""99.63"", ""38065"": ""0.37""}","Morton,Oliver","38059,38065",False,False,America/North_Dakota/New_Salem,"46.73801, -100.94022"
58650,Regent,ND,North Dakota,True,,376.0,0.5,38041,Hettinger,"{""38041"": ""95.93"", ""38001"": ""4.07""}","Hettinger,Adams","38041,38001",False,False,America/Denver,"46.43682, -102.58754"
58653,Scranton,ND,North Dakota,True,,782.0,0.7,38011,Bowman,"{""38011"": ""83.36"", ""38087"": ""9.15"", ""46063"": ""7.49""}","Bowman,Slope,Harding","38011,38087,46063",False,False,America/Denver,"46.09162, -103.13542"
58775,Roseglen,ND,North Dakota,True,,129.0,0.6,38055,McLean,"{""38055"": ""100""}",McLean,38055,False,False,America/Chicago,"47.70823, -101.87082"
58838,Cartwright,ND,North Dakota,True,,252.0,0.4,38053,McKenzie,"{""38053"": ""100""}",McKenzie,38053,False,False,America/Denver,"47.77632, -103.90172"
58854,Watford City,ND,North Dakota,True,,9543.0,6.1,38053,McKenzie,"{""38053"": ""99.82"", ""38025"": ""0.18""}","McKenzie,Dunn","38053,38025",False,False,America/Chicago,"47.81095, -103.14547"
58105,Fargo,ND,North Dakota,True,,2264.0,1525.4,38017,Cass,"{""38017"": ""100""}",Cass,38017,False,False,America/Chicago,"46.89543, -96.80774"
58366,Rolette,ND,North Dakota,True,,1274.0,2.0,38079,Rolette,"{""38079"": ""100""}",Rolette,38079,False,False,America/Chicago,"48.6587, -99.8712"
58433,Edgeley,ND,North Dakota,True,,1139.0,1.4,38045,LaMoure,"{""38045"": ""94.41"", ""38021"": ""5.59""}","LaMoure,Dickey","38045,38021",False,False,America/Chicago,"46.37033, -98.71301"
58443,Glenfield,ND,North Dakota,True,,175.0,0.7,38031,Foster,"{""38031"": ""100""}",Foster,38031,False,False,America/Chicago,"47.45539, -98.67201"
58521,Baldwin,ND,North Dakota,True,,608.0,1.5,38015,Burleigh,"{""38015"": ""100""}",Burleigh,38015,False,False,America/Chicago,"47.02467, -100.69204"
58636,Halliday,ND,North Dakota,True,,1015.0,0.9,38025,Dunn,"{""38025"": ""96.03"", ""38057"": ""3.97""}","Dunn,Mercer","38025,38057",False,False,America/Denver,"47.38629, -102.36036"
58641,Lefor,ND,North Dakota,True,,151.0,0.8,38089,Stark,"{""38089"": ""100""}",Stark,38089,False,False,America/Denver,"46.66845, -102.49863"
58016,Clifford,ND,North Dakota,True,,238.0,1.3,38097,Traill,"{""38097"": ""71.35"", ""38091"": ""28.65""}","Traill,Steele","38097,38091",False,False,America/Chicago,"47.36709, -97.46169"
58018,Colfax,ND,North Dakota,True,,416.0,2.2,38077,Richland,"{""38077"": ""100""}",Richland,38077,False,False,America/Chicago,"46.436, -96.89646"
58048,Hunter,ND,North Dakota,True,,475.0,1.7,38017,Cass,"{""38017"": ""91.87"", ""38097"": ""8.13""}","Cass,Traill","38017,38097",False,False,America/Chicago,"47.19831, -97.22007"
58227,Edinburg,ND,North Dakota,True,,502.0,1.8,38099,Walsh,"{""38099"": ""72.42"", ""38067"": ""25.6"", ""38019"": ""1.98""}","Walsh,Pembina,Cavalier","38099,38067,38019",False,False,America/Chicago,"48.54507, -97.90323"
58250,Lankin,ND,North Dakota,True,,185.0,0.8,38099,Walsh,"{""38099"": ""100""}",Walsh,38099,False,False,America/Chicago,"48.27871, -98.0078"
58316,Belcourt,ND,North Dakota,True,,6885.0,22.5,38079,Rolette,"{""38079"": ""100""}",Rolette,38079,False,False,America/Chicago,"48.82808, -99.77376"
58323,Calvin,ND,North Dakota,True,,48.0,0.3,38019,Cavalier,"{""38019"": ""100""}",Cavalier,38019,False,False,America/Chicago,"48.85099, -98.88076"
58056,Luverne,ND,North Dakota,True,,140.0,0.6,38091,Steele,"{""38091"": ""47.12"", ""38003"": ""43.98"", ""38039"": ""8.9""}","Steele,Barnes,Griggs","38091,38003,38039",False,False,America/Chicago,"47.23187, -97.93131"
58219,Caledonia,ND,North Dakota,True,,23.0,1.7,38097,Traill,"{""38097"": ""100""}",Traill,38097,False,False,America/Chicago,"47.47763, -96.87908"
58259,Michigan,ND,North Dakota,True,,361.0,0.8,38063,Nelson,"{""38063"": ""100""}",Nelson,38063,False,False,America/Chicago,"48.0237, -98.1244"
58274,Portland,ND,North Dakota,True,,931.0,2.8,38097,Traill,"{""38097"": ""86.78"", ""38091"": ""13.22""}","Traill,Steele","38097,38091",False,False,America/Chicago,"47.49304, -97.48753"
58424,Cleveland,ND,North Dakota,True,,270.0,0.6,38093,Stutsman,"{""38093"": ""100""}",Stutsman,38093,False,False,America/Chicago,"46.88852, -99.11094"
58490,Verona,ND,North Dakota,True,,220.0,0.7,38045,LaMoure,"{""38045"": ""83.75"", ""38073"": ""16.25""}","LaMoure,Ransom","38045,38073",False,False,America/Chicago,"46.37966, -98.05824"
58528,Cannon Ball,ND,North Dakota,True,,778.0,4.4,38085,Sioux,"{""38085"": ""100""}",Sioux,38085,False,False,America/Chicago,"46.33616, -100.63638"
58638,Hebron,ND,North Dakota,True,,1118.0,1.2,38059,Morton,"{""38059"": ""89.01"", ""38057"": ""6.45"", ""38089"": ""2.72"", ""38025"": ""1.01"", ""38037"": ""0.81""}","Morton,Mercer,Stark,Dunn,Grant","38059,38057,38089,38025,38037",False,False,America/North_Dakota/New_Salem,"46.94037, -102.04409"
58656,Taylor,ND,North Dakota,True,,498.0,1.1,38089,Stark,"{""38089"": ""90.16"", ""38025"": ""9.84""}","Stark,Dunn","38089,38025",False,False,America/Denver,"46.94402, -102.4583"
58704,Minot Afb,ND,North Dakota,True,,4696.0,1047.6,38101,Ward,"{""38101"": ""100""}",Ward,38101,False,False,America/Chicago,"48.42515, -101.32098"
58721,Bowbells,ND,North Dakota,True,,478.0,0.8,38013,Burke,"{""38013"": ""97.16"", ""38101"": ""2.84""}","Burke,Ward","38013,38101",False,False,America/Chicago,"48.80587, -102.28087"
58790,Velva,ND,North Dakota,True,,1839.0,3.9,38049,McHenry,"{""38049"": ""96.28"", ""38101"": ""3.72""}","McHenry,Ward","38049,38101",False,False,America/Chicago,"48.03414, -100.92968"
58047,Horace,ND,North Dakota,True,,4163.0,23.0,38017,Cass,"{""38017"": ""99.66"", ""38077"": ""0.34""}","Cass,Richland","38017,38077",False,False,America/Chicago,"46.71743, -96.88025"
58762,Newburg,ND,North Dakota,True,,198.0,0.7,38009,Bottineau,"{""38009"": ""90.65"", ""38049"": ""9.35""}","Bottineau,McHenry","38009,38049",False,False,America/Chicago,"48.67302, -100.94159"
58770,Parshall,ND,North Dakota,True,,1704.0,2.7,38061,Mountrail,"{""38061"": ""93.39"", ""38055"": ""6.61""}","Mountrail,McLean","38061,38055",False,False,America/Chicago,"47.8844, -102.15792"
58779,Ryder,ND,North Dakota,True,,458.0,0.6,38101,Ward,"{""38101"": ""57.49"", ""38055"": ""42.51""}","Ward,McLean","38101,38055",False,False,America/Chicago,"47.86324, -101.76722"
58061,Mooreton,ND,North Dakota,True,,331.0,2.1,38077,Richland,"{""38077"": ""100""}",Richland,38077,False,False,America/Chicago,"46.27908, -96.89756"
58076,Wahpeton,ND,North Dakota,True,,329.0,3406.8,38077,Richland,"{""38077"": ""100""}",Richland,38077,False,False,America/Chicago,"46.27285, -96.60753"
58233,Forest River,ND,North Dakota,True,,262.0,1.4,38099,Walsh,"{""38099"": ""92.93"", ""38035"": ""7.07""}","Walsh,Grand Forks","38099,38035",False,False,America/Chicago,"48.22616, -97.52578"
58267,Northwood,ND,North Dakota,True,,1320.0,2.2,38035,Grand Forks,"{""38035"": ""98.22"", ""38091"": ""1.78""}","Grand Forks,Steele","38035,38091",False,False,America/Chicago,"47.7539, -97.63507"
58270,Park River,ND,North Dakota,True,,1866.0,5.1,38099,Walsh,"{""38099"": ""100""}",Walsh,38099,False,False,America/Chicago,"48.39438, -97.7837"
58273,Pisek,ND,North Dakota,True,,229.0,1.4,38099,Walsh,"{""38099"": ""100""}",Walsh,38099,False,False,America/Chicago,"48.29608, -97.66853"
58277,Sharon,ND,North Dakota,True,,134.0,0.6,38091,Steele,"{""38091"": ""100""}",Steele,38091,False,False,America/Chicago,"47.60892, -97.83077"
58301,Devils Lake,ND,North Dakota,True,,10381.0,16.6,38071,Ramsey,"{""38071"": ""99.64"", ""38005"": ""0.36""}","Ramsey,Benson","38071,38005",False,False,America/Chicago,"48.13148, -98.87381"
58353,Mylo,ND,North Dakota,True,,139.0,0.6,38079,Rolette,"{""38079"": ""100""}",Rolette,38079,False,False,America/Chicago,"48.63289, -99.59572"
58438,Fessenden,ND,North Dakota,True,,672.0,1.7,38103,Wells,"{""38103"": ""100""}",Wells,38103,False,False,America/Chicago,"47.66349, -99.59638"
58483,Streeter,ND,North Dakota,True,,315.0,0.8,38093,Stutsman,"{""38093"": ""73.24"", ""38047"": ""16.76"", ""38043"": ""10""}","Stutsman,Logan,Kidder","38093,38047,38043",False,False,America/Chicago,"46.65252, -99.40808"
58484,Sutton,ND,North Dakota,True,,44.0,0.3,38039,Griggs,"{""38039"": ""83.08"", ""38031"": ""16.92""}","Griggs,Foster","38039,38031",False,False,America/Chicago,"47.37511, -98.47812"
58505,Bismarck,ND,North Dakota,True,,0.0,0.0,38015,Burleigh,"{""38015"": ""100""}",Burleigh,38015,False,False,America/Chicago,"46.8202, -100.78111"
58524,Braddock,ND,North Dakota,True,,81.0,0.3,38029,Emmons,"{""38029"": ""69"", ""38043"": ""31""}","Emmons,Kidder","38029,38043",False,False,America/Chicago,"46.59187, -100.0808"
58560,Moffit,ND,North Dakota,True,,166.0,0.7,38015,Burleigh,"{""38015"": ""100""}",Burleigh,38015,False,False,America/Chicago,"46.67951, -100.25937"
58623,Bowman,ND,North Dakota,True,,2205.0,1.5,38011,Bowman,"{""38011"": ""95.02"", ""38087"": ""4.68"", ""46063"": ""0.3""}","Bowman,Slope,Harding","38011,38087,46063",False,False,America/Denver,"46.18901, -103.42567"
58646,Mott,ND,North Dakota,True,,1126.0,0.8,38041,Hettinger,"{""38041"": ""98.77"", ""38001"": ""1.23""}","Hettinger,Adams","38041,38001",False,False,America/Denver,"46.39388, -102.28253"
58701,Minot,ND,North Dakota,True,,31580.0,55.2,38101,Ward,"{""38101"": ""100""}",Ward,38101,False,False,America/Chicago,"48.14259, -101.32131"
58707,Minot,ND,North Dakota,True,,445.0,2683.0,38101,Ward,"{""38101"": ""100""}",Ward,38101,False,False,America/Chicago,"48.24621, -101.30075"
58711,Antler,ND,North Dakota,True,,303.0,1.0,38009,Bottineau,"{""38009"": ""100""}",Bottineau,38009,False,False,America/Chicago,"48.93075, -101.28461"
58733,Des Lacs,ND,North Dakota,True,,352.0,1.5,38101,Ward,"{""38101"": ""100""}",Ward,38101,False,False,America/Chicago,"48.17475, -101.587"
58759,Max,ND,North Dakota,True,,819.0,1.4,38055,McLean,"{""38055"": ""62.48"", ""38101"": ""37.52""}","McLean,Ward","38055,38101",False,False,America/Chicago,"47.85576, -101.24677"
58763,New Town,ND,North Dakota,True,,4016.0,3.0,38061,Mountrail,"{""38061"": ""77.64"", ""38053"": ""22.19"", ""38055"": ""0.17""}","Mountrail,McKenzie,McLean","38061,38053,38055",False,False,America/Chicago,"47.9929, -102.57574"
58831,Alexander,ND,North Dakota,True,,698.0,0.8,38053,McKenzie,"{""38053"": ""100""}",McKenzie,38053,False,False,America/Chicago,"47.79474, -103.65455"
58013,Cayuga,ND,North Dakota,True,,157.0,0.8,38081,Sargent,"{""38081"": ""100""}",Sargent,38081,False,False,America/Chicago,"46.06134, -97.36279"
58051,Kindred,ND,North Dakota,True,,1875.0,6.6,38017,Cass,"{""38017"": ""80.8"", ""38077"": ""19.2""}","Cass,Richland","38017,38077",False,False,America/Chicago,"46.6414, -97.03054"
58081,Wyndmere,ND,North Dakota,True,,811.0,1.9,38077,Richland,"{""38077"": ""100""}",Richland,38077,False,False,America/Chicago,"46.31072, -97.14137"
58492,Wimbledon,ND,North Dakota,True,,416.0,1.1,38003,Barnes,"{""38003"": ""82.95"", ""38093"": ""11.23"", ""38039"": ""5.82""}","Barnes,Stutsman,Griggs","38003,38093,38039",False,False,America/Chicago,"47.15447, -98.43797"
58626,Dunn Center,ND,North Dakota,True,,430.0,1.0,38025,Dunn,"{""38025"": ""100""}",Dunn,38025,False,False,America/Denver,"47.38146, -102.62034"
58643,Marmarth,ND,North Dakota,True,,134.0,0.2,38087,Slope,"{""38087"": ""88.48"", ""38011"": ""11.52""}","Slope,Bowman","38087,38011",False,False,America/Denver,"46.32971, -103.94448"
58702,Minot,ND,North Dakota,True,,0.0,0.0,38101,Ward,"{""38101"": ""0""}",Ward,38101,False,False,America/Chicago,"48.23214, -101.29379"
58077,Walcott,ND,North Dakota,True,,814.0,2.2,38077,Richland,"{""38077"": ""100""}",Richland,38077,False,False,America/Chicago,"46.52482, -96.97509"
58079,Wheatland,ND,North Dakota,True,,484.0,1.4,38017,Cass,"{""38017"": ""100""}",Cass,38017,False,False,America/Chicago,"46.86671, -97.34533"
58238,Hamilton,ND,North Dakota,True,,196.0,0.8,38067,Pembina,"{""38067"": ""100""}",Pembina,38067,False,False,America/Chicago,"48.78088, -97.39878"
58256,Manvel,ND,North Dakota,True,,817.0,3.5,38035,Grand Forks,"{""38035"": ""100""}",Grand Forks,38035,False,False,America/Chicago,"48.0905, -97.20738"
58262,Mountain,ND,North Dakota,True,,102.0,2.2,38067,Pembina,"{""38067"": ""100""}",Pembina,38067,False,False,America/Chicago,"48.68223, -97.87632"
58327,Crary,ND,North Dakota,True,,381.0,0.9,38071,Ramsey,"{""38071"": ""100""}",Ramsey,38071,False,False,America/Chicago,"48.09378, -98.58805"
58382,Webster,ND,North Dakota,True,,157.0,0.5,38071,Ramsey,"{""38071"": ""100""}",Ramsey,38071,False,False,America/Chicago,"48.31164, -98.78499"
58421,Carrington,ND,North Dakota,True,,2735.0,2.7,38031,Foster,"{""38031"": ""98.28"", ""38093"": ""1.16"", ""38027"": ""0.32"", ""38103"": ""0.25""}","Foster,Stutsman,Eddy,Wells","38031,38093,38027,38103",False,False,America/Chicago,"47.44199, -99.06885"
58532,Driscoll,ND,North Dakota,True,,297.0,0.5,38015,Burleigh,"{""38015"": ""80.13"", ""38043"": ""19.87""}","Burleigh,Kidder","38015,38043",False,False,America/Chicago,"46.85214, -100.10998"
58571,Stanton,ND,North Dakota,True,,527.0,1.7,38057,Mercer,"{""38057"": ""88.72"", ""38065"": ""11.28""}","Mercer,Oliver","38057,38065",False,False,America/North_Dakota/Beulah,"47.27584, -101.40094"
58576,Underwood,ND,North Dakota,True,,960.0,2.2,38055,McLean,"{""38055"": ""100""}",McLean,38055,False,False,America/Chicago,"47.43867, -101.2165"
58577,Washburn,ND,North Dakota,True,,1800.0,3.7,38055,McLean,"{""38055"": ""100""}",McLean,38055,False,False,America/Chicago,"47.32196, -101.05551"
58622,Belfield,ND,North Dakota,True,,1924.0,1.2,38089,Stark,"{""38089"": ""76.49"", ""38007"": ""23.51""}","Stark,Billings","38089,38007",False,False,America/Denver,"46.89613, -103.27062"
58630,Gladstone,ND,North Dakota,True,,814.0,1.6,38089,Stark,"{""38089"": ""83.47"", ""38025"": ""16.53""}","Stark,Dunn","38089,38025",False,False,America/Denver,"46.94463, -102.5792"
58713,Bantry,ND,North Dakota,True,,18.0,0.3,38049,McHenry,"{""38049"": ""100""}",McHenry,38049,False,False,America/Chicago,"48.53502, -100.59538"
58771,Plaza,ND,North Dakota,True,,515.0,0.7,38061,Mountrail,"{""38061"": ""83.66"", ""38101"": ""15.01"", ""38055"": ""1.32""}","Mountrail,Ward,McLean","38061,38101,38055",False,False,America/Chicago,"48.08424, -101.97553"
58845,Grenora,ND,North Dakota,True,,381.0,0.6,38105,Williams,"{""38105"": ""82.75"", ""38023"": ""17.25""}","Williams,Divide","38105,38023",False,False,America/Chicago,"48.64854, -103.92544"
58847,Keene,ND,North Dakota,True,,467.0,0.9,38053,McKenzie,"{""38053"": ""100""}",McKenzie,38053,False,False,America/Chicago,"47.90633, -102.89825"
58757,Mandaree,ND,North Dakota,True,,878.0,0.9,38053,McKenzie,"{""38053"": ""75.58"", ""38025"": ""24.42""}","McKenzie,Dunn","38053,38025",False,False,America/Chicago,"47.69113, -102.55689"
58758,Martin,ND,North Dakota,True,,211.0,0.7,38083,Sheridan,"{""38083"": ""69.82"", ""38069"": ""15.77"", ""38103"": ""14.41""}","Sheridan,Pierce,Wells","38083,38069,38103",False,False,America/Chicago,"47.77614, -100.10825"
58772,Portal,ND,North Dakota,True,,161.0,1.2,38013,Burke,"{""38013"": ""100""}",Burke,38013,False,False,America/Chicago,"48.96554, -102.62408"
58064,Page,ND,North Dakota,True,,522.0,1.3,38017,Cass,"{""38017"": ""92.22"", ""38003"": ""4.22"", ""38091"": ""3.56""}","Cass,Barnes,Steele","38017,38003,38091",False,False,America/Chicago,"47.15065, -97.61585"
58282,Walhalla,ND,North Dakota,True,,1487.0,2.4,38067,Pembina,"{""38067"": ""92.78"", ""38019"": ""7.22""}","Pembina,Cavalier","38067,38019",False,False,America/Chicago,"48.90459, -97.94874"
58345,Lawton,ND,North Dakota,True,,140.0,0.4,38071,Ramsey,"{""38071"": ""65.82"", ""38099"": ""34.18""}","Ramsey,Walsh","38071,38099",False,False,America/Chicago,"48.30539, -98.36947"
58352,Munich,ND,North Dakota,True,,413.0,0.7,38019,Cavalier,"{""38019"": ""94.02"", ""38095"": ""5.98""}","Cavalier,Towner","38019,38095",False,False,America/Chicago,"48.70751, -98.86932"
58429,Dazey,ND,North Dakota,True,,371.0,1.1,38003,Barnes,"{""38003"": ""97.76"", ""38039"": ""2.24""}","Barnes,Griggs","38003,38039",False,False,America/Chicago,"47.18485, -98.16373"
58441,Fullerton,ND,North Dakota,True,,394.0,1.0,38021,Dickey,"{""38021"": ""100""}",Dickey,38021,False,False,America/Chicago,"46.17639, -98.37127"
58454,Jud,ND,North Dakota,True,,324.0,0.5,38045,LaMoure,"{""38045"": ""76.39"", ""38093"": ""23.61""}","LaMoure,Stutsman","38045,38093",False,False,America/Chicago,"46.59652, -98.93542"
58475,Pettibone,ND,North Dakota,True,,165.0,0.5,38043,Kidder,"{""38043"": ""97.33"", ""38093"": ""2.67""}","Kidder,Stutsman","38043,38093",False,False,America/Chicago,"47.16547, -99.53946"
58563,New Salem,ND,North Dakota,True,,2388.0,1.7,38059,Morton,"{""38059"": ""83.11"", ""38065"": ""16.89""}","Morton,Oliver","38059,38065",False,False,America/North_Dakota/New_Salem,"46.90329, -101.43495"
58645,Medora,ND,North Dakota,True,,233.0,0.2,38007,Billings,"{""38007"": ""94.12"", ""38033"": ""5.88""}","Billings,Golden Valley","38007,38033",False,False,America/Denver,"46.93876, -103.56314"
58736,Drake,ND,North Dakota,True,,597.0,1.4,38049,McHenry,"{""38049"": ""90.71"", ""38083"": ""9.29""}","McHenry,Sheridan","38049,38083",False,False,America/Chicago,"47.93381, -100.3819"
58006,Arthur,ND,North Dakota,True,,433.0,2.7,38017,Cass,"{""38017"": ""100""}",Cass,38017,False,False,America/Chicago,"47.10153, -97.20979"
58007,Ayr,ND,North Dakota,True,,86.0,0.7,38017,Cass,"{""38017"": ""100""}",Cass,38017,False,False,America/Chicago,"47.02438, -97.46867"
58068,Sheldon,ND,North Dakota,True,,375.0,1.3,38073,Ransom,"{""38073"": ""100""}",Ransom,38073,False,False,America/Chicago,"46.54299, -97.40464"
58331,Egeland,ND,North Dakota,True,,92.0,0.3,38095,Towner,"{""38095"": ""100""}",Towner,38095,False,False,America/Chicago,"48.63737, -99.09431"
58474,Oakes,ND,North Dakota,True,,2706.0,2.8,38021,Dickey,"{""38021"": ""97.91"", ""38081"": ""2.09""}","Dickey,Sargent","38021,38081",False,False,America/Chicago,"46.09559, -98.13353"
58497,Ypsilanti,ND,North Dakota,True,,171.0,0.6,38093,Stutsman,"{""38093"": ""93.87"", ""38003"": ""6.13""}","Stutsman,Barnes","38093,38003",False,False,America/Chicago,"46.76718, -98.54587"
58569,Shields,ND,North Dakota,True,,75.0,0.2,38037,Grant,"{""38037"": ""100""}",Grant,38037,False,False,America/Denver,"46.26226, -101.19051"
58652,Richardton,ND,North Dakota,True,,1257.0,1.3,38089,Stark,"{""38089"": ""92.3"", ""38025"": ""7.7""}","Stark,Dunn","38089,38025",False,False,America/Denver,"46.86877, -102.26784"
58731,Deering,ND,North Dakota,True,,318.0,1.0,38049,McHenry,"{""38049"": ""96.33"", ""38101"": ""3.67""}","McHenry,Ward","38049,38101",False,False,America/Chicago,"48.43968, -100.97982"
58856,Zahl,ND,North Dakota,True,,90.0,0.2,38105,Williams,"{""38105"": ""63.36"", ""38023"": ""36.64""}","Williams,Divide","38105,38023",False,False,America/Chicago,"48.58635, -103.71719"
58012,Casselton,ND,North Dakota,True,,2983.0,17.1,38017,Cass,"{""38017"": ""100""}",Cass,38017,False,False,America/Chicago,"46.93887, -97.16924"
58216,Bathgate,ND,North Dakota,True,,158.0,0.9,38067,Pembina,"{""38067"": ""100""}",Pembina,38067,False,False,America/Chicago,"48.88188, -97.43451"
58243,Hoople,ND,North Dakota,True,,665.0,2.9,38099,Walsh,"{""38099"": ""95.18"", ""38067"": ""4.82""}","Walsh,Pembina","38099,38067",False,False,America/Chicago,"48.51272, -97.68092"
58341,Harvey,ND,North Dakota,True,,2625.0,2.2,38103,Wells,"{""38103"": ""93.11"", ""38069"": ""6.2"", ""38005"": ""0.42"", ""38083"": ""0.27""}","Wells,Pierce,Benson,Sheridan","38103,38069,38005,38083",False,False,America/Chicago,"47.77527, -99.85003"
58367,Rolla,ND,North Dakota,True,,1718.0,5.2,38079,Rolette,"{""38079"": ""99.3"", ""38095"": ""0.7""}","Rolette,Towner","38079,38095",False,False,America/Chicago,"48.86927, -99.58666"
58496,Woodworth,ND,North Dakota,True,,141.0,0.3,38093,Stutsman,"{""38093"": ""100""}",Stutsman,38093,False,False,America/Chicago,"47.14742, -99.3291"
58535,Flasher,ND,North Dakota,True,,464.0,0.5,38059,Morton,"{""38059"": ""83.54"", ""38037"": ""16.46""}","Morton,Grant","38059,38037",False,False,America/North_Dakota/New_Salem,"46.49992, -101.24527"
58540,Garrison,ND,North Dakota,True,,3057.0,3.0,38055,McLean,"{""38055"": ""100""}",McLean,38055,False,False,America/Chicago,"47.62988, -101.71675"
58559,Mercer,ND,North Dakota,True,,244.0,0.6,38055,McLean,"{""38055"": ""96.79"", ""38083"": ""3.21""}","McLean,Sheridan","38055,38083",False,False,America/Chicago,"47.48816, -100.72767"
58625,Dodge,ND,North Dakota,True,,262.0,1.0,38025,Dunn,"{""38025"": ""85.95"", ""38057"": ""14.05""}","Dunn,Mercer","38025,38057",False,False,America/Denver,"47.26784, -102.19435"
58632,Golva,ND,North Dakota,True,,180.0,0.9,38033,Golden Valley,"{""38033"": ""100""}",Golden Valley,38033,False,False,America/Denver,"46.6689, -103.95637"
58741,Granville,ND,North Dakota,True,,635.0,1.5,38049,McHenry,"{""38049"": ""100""}",McHenry,38049,False,False,America/Chicago,"48.2775, -100.82448"
58746,Kenmare,ND,North Dakota,True,,1344.0,1.2,38101,Ward,"{""38101"": ""88.7"", ""38075"": ""6.17"", ""38013"": ""5.12""}","Ward,Renville,Burke","38101,38075,38013",False,False,America/Chicago,"48.71825, -102.08515"
58752,Lignite,ND,North Dakota,True,,255.0,1.5,38013,Burke,"{""38013"": ""100""}",Burke,38013,False,False,America/Chicago,"48.83339, -102.58468"
58768,Norwich,ND,North Dakota,True,,268.0,1.3,38049,McHenry,"{""38049"": ""52.13"", ""38101"": ""47.87""}","McHenry,Ward","38049,38101",False,False,America/Chicago,"48.23219, -101.01063"
58781,Sawyer,ND,North Dakota,True,,799.0,2.9,38101,Ward,"{""38101"": ""100""}",Ward,38101,False,False,America/Chicago,"48.0211, -101.12696"
58008,Barney,ND,North Dakota,True,,219.0,1.5,38077,Richland,"{""38077"": ""100""}",Richland,38077,False,False,America/Chicago,"46.30931, -97.00055"
58075,Wahpeton,ND,North Dakota,True,,9255.0,14.3,38077,Richland,"{""38077"": ""100""}",Richland,38077,False,False,America/Chicago,"46.27439, -96.72615"
58325,Churchs Ferry,ND,North Dakota,True,,57.0,0.2,38071,Ramsey,"{""38071"": ""52.17"", ""38005"": ""47.83""}","Ramsey,Benson","38071,38005",False,False,America/Chicago,"48.28448, -99.15467"
58344,Lakota,ND,North Dakota,True,,914.0,1.7,38063,Nelson,"{""38063"": ""97.91"", ""38071"": ""2.09""}","Nelson,Ramsey","38063,38071",False,False,America/Chicago,"48.02425, -98.34367"
58365,Rocklake,ND,North Dakota,True,,222.0,0.3,38095,Towner,"{""38095"": ""100""}",Towner,38095,False,False,America/Chicago,"48.85826, -99.2521"
58476,Pingree,ND,North Dakota,True,,233.0,0.4,38093,Stutsman,"{""38093"": ""100""}",Stutsman,38093,False,False,America/Chicago,"47.19769, -99.01677"
58562,New Leipzig,ND,North Dakota,True,,412.0,0.5,38037,Grant,"{""38037"": ""83.37"", ""38041"": ""14.7"", ""38001"": ""1.93""}","Grant,Hettinger,Adams","38037,38041,38001",False,False,America/Denver,"46.37488, -102.00451"
58564,Raleigh,ND,North Dakota,True,,80.0,0.3,38037,Grant,"{""38037"": ""100""}",Grant,38037,False,False,America/Denver,"46.26614, -101.35223"
58069,Stirum,ND,North Dakota,True,,87.0,0.6,38081,Sargent,"{""38081"": ""94.89"", ""38073"": ""5.11""}","Sargent,Ransom","38081,38073",False,False,America/Chicago,"46.25185, -97.83256"
58223,Cummings,ND,North Dakota,True,,183.0,1.0,38097,Traill,"{""38097"": ""100""}",Traill,38097,False,False,America/Chicago,"47.50869, -97.03444"
58257,Mayville,ND,North Dakota,True,,2126.0,6.8,38097,Traill,"{""38097"": ""100""}",Traill,38097,False,False,America/Chicago,"47.49739, -97.28184"
58361,Pekin,ND,North Dakota,True,,239.0,0.7,38063,Nelson,"{""38063"": ""100""}",Nelson,38063,False,False,America/Chicago,"47.75733, -98.34619"
58401,Jamestown,ND,North Dakota,True,,17153.0,15.7,38093,Stutsman,"{""38093"": ""100""}",Stutsman,38093,False,False,America/Chicago,"46.8825, -98.76392"
58430,Denhoff,ND,North Dakota,True,,150.0,0.6,38083,Sheridan,"{""38083"": ""100""}",Sheridan,38083,False,False,America/Chicago,"47.51464, -100.2612"
58442,Gackle,ND,North Dakota,True,,421.0,0.7,38047,Logan,"{""38047"": ""92.89"", ""38093"": ""7.11""}","Logan,Stutsman","38047,38093",False,False,America/Chicago,"46.56469, -99.17914"
58445,Grace City,ND,North Dakota,True,,267.0,1.9,38031,Foster,"{""38031"": ""84.38"", ""38027"": ""15.63""}","Foster,Eddy","38031,38027",False,False,America/Chicago,"47.56401, -98.80248"
58481,Spiritwood,ND,North Dakota,True,,231.0,0.7,38003,Barnes,"{""38003"": ""62.87"", ""38093"": ""37.13""}","Barnes,Stutsman","38003,38093",False,False,America/Chicago,"46.93133, -98.42113"
58504,Bismarck,ND,North Dakota,True,,27307.0,102.0,38015,Burleigh,"{""38015"": ""100""}",Burleigh,38015,False,False,America/Chicago,"46.72307, -100.6779"
58570,Solen,ND,North Dakota,True,,461.0,0.6,38059,Morton,"{""38059"": ""54.66"", ""38085"": ""45.34""}","Morton,Sioux","38059,38085",False,False,America/North_Dakota/New_Salem,"46.38367, -100.88831"
58572,Sterling,ND,North Dakota,True,,263.0,0.6,38015,Burleigh,"{""38015"": ""100""}",Burleigh,38015,False,False,America/Chicago,"46.8564, -100.33648"
58649,Reeder,ND,North Dakota,True,,267.0,0.4,38001,Adams,"{""38001"": ""90.34"", ""38041"": ""4.67"", ""46063"": ""4.36"", ""38011"": ""0.62""}","Adams,Hettinger,Harding,Bowman","38001,38041,46063,38011",False,False,America/Denver,"46.12098, -102.9136"
58654,Sentinel Butte,ND,North Dakota,True,,325.0,0.3,38033,Golden Valley,"{""38033"": ""98.96"", ""38087"": ""1.04""}","Golden Valley,Slope","38033,38087",False,False,America/Denver,"46.88083, -103.77792"
58730,Crosby,ND,North Dakota,True,,1448.0,2.3,38023,Divide,"{""38023"": ""100""}",Divide,38023,False,False,America/Chicago,"48.86469, -103.31427"
58324,Cando,ND,North Dakota,True,,1358.0,2.1,38095,Towner,"{""38095"": ""100""}",Towner,38095,False,False,America/Chicago,"48.48025, -99.22159"
58440,Fredonia,ND,North Dakota,True,,118.0,0.2,38047,Logan,"{""38047"": ""70.17"", ""38051"": ""29.83""}","Logan,McIntosh","38047,38051",False,False,America/Chicago,"46.26931, -99.16721"
58455,Kensal,ND,North Dakota,True,,357.0,1.0,38093,Stutsman,"{""38093"": ""81.52"", ""38031"": ""18.48""}","Stutsman,Foster","38093,38031",False,False,America/Chicago,"47.30172, -98.74302"
58495,Wishek,ND,North Dakota,True,,1342.0,1.4,38051,McIntosh,"{""38051"": ""93.24"", ""38047"": ""6.76""}","McIntosh,Logan","38051,38047",False,False,America/Chicago,"46.27701, -99.60082"
58634,Grassy Butte,ND,North Dakota,True,,315.0,0.3,38053,McKenzie,"{""38053"": ""88.84"", ""38007"": ""11.16""}","McKenzie,Billings","38053,38007",False,False,America/Denver,"47.4342, -103.34243"
58748,Kramer,ND,North Dakota,True,,128.0,0.4,38009,Bottineau,"{""38009"": ""95.95"", ""38049"": ""4.05""}","Bottineau,McHenry","38009,38049",False,False,America/Chicago,"48.67955, -100.65168"
58792,Voltaire,ND,North Dakota,True,,283.0,0.7,38049,McHenry,"{""38049"": ""100""}",McHenry,38049,False,False,America/Chicago,"47.97114, -100.74328"
58795,Wildrose,ND,North Dakota,True,,142.0,0.3,38105,Williams,"{""38105"": ""78.28"", ""38023"": ""21.72""}","Williams,Divide","38105,38023",False,False,America/Chicago,"48.64331, -103.15884"
58801,Williston,ND,North Dakota,True,,31508.0,14.6,38105,Williams,"{""38105"": ""99.66"", ""38053"": ""0.34""}","Williams,McKenzie","38105,38053",False,False,America/Chicago,"48.21311, -103.75325"
58830,Alamo,ND,North Dakota,True,,278.0,0.4,38105,Williams,"{""38105"": ""71.36"", ""38023"": ""28.64""}","Williams,Divide","38105,38023",False,False,America/Chicago,"48.60606, -103.46567"
58049,Kathryn,ND,North Dakota,True,,296.0,0.9,38003,Barnes,"{""38003"": ""71.28"", ""38073"": ""19.38"", ""38045"": ""9.34""}","Barnes,Ransom,LaMoure","38003,38073,38045",False,False,America/Chicago,"46.65532, -97.99855"
58063,Oriska,ND,North Dakota,True,,394.0,1.2,38003,Barnes,"{""38003"": ""100""}",Barnes,38003,False,False,America/Chicago,"46.96547, -97.80407"
58205,Grand Forks Afb,ND,North Dakota,True,,325.0,778.4,38035,Grand Forks,"{""38035"": ""100""}",Grand Forks,38035,False,False,America/Chicago,"47.95147, -97.37898"
58237,Grafton,ND,North Dakota,True,,5318.0,8.4,38099,Walsh,"{""38099"": ""100""}",Walsh,38099,False,False,America/Chicago,"48.41406, -97.40542"
58351,Minnewaukan,ND,North Dakota,True,,451.0,1.0,38005,Benson,"{""38005"": ""97.49"", ""38071"": ""2.51""}","Benson,Ramsey","38005,38071",False,False,America/Chicago,"48.09867, -99.27912"
58460,Lehr,ND,North Dakota,True,,182.0,0.4,38051,McIntosh,"{""38051"": ""55.22"", ""38047"": ""44.78""}","McIntosh,Logan","38051,38047",False,False,America/Chicago,"46.30802, -99.33677"
58363,Perth,ND,North Dakota,True,,125.0,0.8,38095,Towner,"{""38095"": ""85.54"", ""38079"": ""14.46""}","Towner,Rolette","38095,38079",False,False,America/Chicago,"48.75801, -99.45141"
58386,York,ND,North Dakota,True,,119.0,0.4,38005,Benson,"{""38005"": ""81.34"", ""38069"": ""18.66""}","Benson,Pierce","38005,38069",False,False,America/Chicago,"48.30899, -99.59652"
58416,Binford,ND,North Dakota,True,,386.0,0.9,38039,Griggs,"{""38039"": ""100""}",Griggs,38039,False,False,America/Chicago,"47.54152, -98.35019"
58418,Bowdon,ND,North Dakota,True,,352.0,0.6,38103,Wells,"{""38103"": ""96.32"", ""38043"": ""3.68""}","Wells,Kidder","38103,38043",False,False,America/Chicago,"47.42096, -99.64577"
58426,Courtenay,ND,North Dakota,True,,270.0,0.8,38093,Stutsman,"{""38093"": ""100""}",Stutsman,38093,False,False,America/Chicago,"47.21919, -98.58679"
58428,Dawson,ND,North Dakota,True,,203.0,0.5,38043,Kidder,"{""38043"": ""100""}",Kidder,38043,False,False,America/Chicago,"46.84846, -99.7515"
58464,Mchenry,ND,North Dakota,True,,194.0,0.4,38031,Foster,"{""38031"": ""51.24"", ""38027"": ""41.32"", ""38039"": ""7.44""}","Foster,Eddy,Griggs","38031,38027,38039",False,False,America/Chicago,"47.60518, -98.58105"
58479,Rogers,ND,North Dakota,True,,214.0,1.3,38003,Barnes,"{""38003"": ""100""}",Barnes,38003,False,False,America/Chicago,"47.0953, -98.18466"
58639,Hettinger,ND,North Dakota,True,,1801.0,1.6,38001,Adams,"{""38001"": ""100""}",Adams,38001,False,False,America/Denver,"46.09177, -102.61406"
58723,Butte,ND,North Dakota,True,,202.0,0.4,38055,McLean,"{""38055"": ""60.59"", ""38083"": ""33.05"", ""38049"": ""6.36""}","McLean,Sheridan,McHenry","38055,38083,38049",False,False,America/Chicago,"47.75863, -100.60481"
58750,Lansford,ND,North Dakota,True,,514.0,0.9,38009,Bottineau,"{""38009"": ""84.28"", ""38075"": ""15.72""}","Bottineau,Renville","38009,38075",False,False,America/Chicago,"48.61617, -101.39826"
58778,Ruso,ND,North Dakota,True,,98.0,0.3,38055,McLean,"{""38055"": ""93.98"", ""38049"": ""6.02""}","McLean,McHenry","38055,38049",False,False,America/Chicago,"47.7784, -100.92716"
58785,Surrey,ND,North Dakota,True,,1163.0,9.8,38101,Ward,"{""38101"": ""100""}",Ward,38101,False,False,America/Chicago,"48.30898, -101.09062"
58843,Epping,ND,North Dakota,True,,624.0,1.1,38105,Williams,"{""38105"": ""100""}",Williams,38105,False,False,America/Chicago,"48.23382, -103.37928"
58251,Larimore,ND,North Dakota,True,,1972.0,3.9,38035,Grand Forks,"{""38035"": ""100""}",Grand Forks,38035,False,False,America/Chicago,"47.94938, -97.69121"
58370,Saint Michael,ND,North Dakota,True,,1372.0,10.3,38005,Benson,"{""38005"": ""100""}",Benson,38005,False,False,America/Chicago,"47.98314, -98.84401"
58402,Jamestown,ND,North Dakota,True,,248.0,555.6,38093,Stutsman,"{""38093"": ""100""}",Stutsman,38093,False,False,America/Chicago,"46.88035, -98.68714"
58538,Fort Yates,ND,North Dakota,True,,2568.0,5.6,38085,Sioux,"{""38085"": ""100""}",Sioux,38085,False,False,America/Chicago,"46.11235, -100.6928"
58621,Beach,ND,North Dakota,True,,1351.0,1.3,38033,Golden Valley,"{""38033"": ""100""}",Golden Valley,38033,False,False,America/Denver,"47.08318, -103.92808"
58647,New England,ND,North Dakota,True,,1325.0,1.0,38041,Hettinger,"{""38041"": ""78.81"", ""38087"": ""14.36"", ""38089"": ""6.83""}","Hettinger,Slope,Stark","38041,38087,38089",False,False,America/Denver,"46.52223, -102.93452"
58027,Enderlin,ND,North Dakota,True,,1321.0,2.8,38073,Ransom,"{""38073"": ""79.51"", ""38017"": ""15.89"", ""38003"": ""4.6""}","Ransom,Cass,Barnes","38073,38017,38003",False,False,America/Chicago,"46.63342, -97.61152"
58031,Fingal,ND,North Dakota,True,,457.0,1.1,38003,Barnes,"{""38003"": ""54.35"", ""38017"": ""45.65""}","Barnes,Cass","38003,38017",False,False,America/Chicago,"46.76302, -97.68077"
58042,Harwood,ND,North Dakota,True,,1366.0,12.3,38017,Cass,"{""38017"": ""100""}",Cass,38017,False,False,America/Chicago,"46.97095, -96.95486"
58231,Fordville,ND,North Dakota,True,,329.0,1.0,38099,Walsh,"{""38099"": ""67.76"", ""38035"": ""32.24""}","Walsh,Grand Forks","38099,38035",False,False,America/Chicago,"48.20015, -97.82625"
58444,Goodrich,ND,North Dakota,True,,194.0,0.4,38083,Sheridan,"{""38083"": ""100""}",Sheridan,38083,False,False,America/Chicago,"47.49942, -100.12971"
58712,Balfour,ND,North Dakota,True,,87.0,0.3,38049,McHenry,"{""38049"": ""100""}",McHenry,38049,False,False,America/Chicago,"47.97636, -100.53095"
58001,Abercrombie,ND,North Dakota,True,,35.0,56.0,38077,Richland,"{""38077"": ""100""}",Richland,38077,False,False,America/Chicago,"46.44503, -96.72069"
58054,Lisbon,ND,North Dakota,True,,2938.0,3.9,38073,Ransom,"{""38073"": ""100""}",Ransom,38073,False,False,America/Chicago,"46.42531, -97.66952"
58220,Cavalier,ND,North Dakota,True,,1975.0,4.4,38067,Pembina,"{""38067"": ""100""}",Pembina,38067,False,False,America/Chicago,"48.79354, -97.71425"
58272,Petersburg,ND,North Dakota,True,,276.0,0.9,38063,Nelson,"{""38063"": ""100""}",Nelson,38063,False,False,America/Chicago,"48.01703, -97.98127"
58276,Saint Thomas,ND,North Dakota,True,,534.0,1.7,38067,Pembina,"{""38067"": ""100""}",Pembina,38067,False,False,America/Chicago,"48.63081, -97.45133"
58466,Marion,ND,North Dakota,True,,331.0,0.8,38045,LaMoure,"{""38045"": ""68.45"", ""38003"": ""28.17"", ""38093"": ""3.38""}","LaMoure,Barnes,Stutsman","38045,38003,38093",False,False,America/Chicago,"46.61786, -98.36748"
58480,Sanborn,ND,North Dakota,True,,318.0,1.0,38003,Barnes,"{""38003"": ""100""}",Barnes,38003,False,False,America/Chicago,"46.95327, -98.26049"
58552,Linton,ND,North Dakota,True,,1639.0,1.2,38029,Emmons,"{""38029"": ""100""}",Emmons,38029,False,False,America/Chicago,"46.23896, -100.30105"
58575,Turtle Lake,ND,North Dakota,True,,823.0,1.3,38055,McLean,"{""38055"": ""100""}",McLean,38055,False,False,America/Chicago,"47.56336, -100.90178"
58735,Douglas,ND,North Dakota,True,,340.0,0.7,38101,Ward,"{""38101"": ""70.7"", ""38055"": ""29.3""}","Ward,McLean","38101,38055",False,False,America/Chicago,"47.87377, -101.48232"
58072,Valley City,ND,North Dakota,True,,7711.0,9.4,38003,Barnes,"{""38003"": ""100""}",Barnes,38003,False,False,America/Chicago,"46.92569, -98.00688"
58241,Hensel,ND,North Dakota,True,,158.0,1.2,38067,Pembina,"{""38067"": ""100""}",Pembina,38067,False,False,America/Chicago,"48.69843, -97.67743"
58271,Pembina,ND,North Dakota,True,,557.0,2.1,38067,Pembina,"{""38067"": ""100""}",Pembina,38067,False,False,America/Chicago,"48.91108, -97.29409"
58346,Leeds,ND,North Dakota,True,,664.0,1.2,38005,Benson,"{""38005"": ""97.85"", ""38095"": ""2.15""}","Benson,Towner","38005,38095",False,False,America/Chicago,"48.28751, -99.42857"
58362,Penn,ND,North Dakota,True,,0.0,0.0,38071,Ramsey,"{""38071"": ""100""}",Ramsey,38071,False,False,America/Chicago,"48.21439, -99.08929"
58377,Starkweather,ND,North Dakota,True,,304.0,0.5,38071,Ramsey,"{""38071"": ""82.93"", ""38095"": ""12.87"", ""38019"": ""4.19""}","Ramsey,Towner,Cavalier","38071,38095,38019",False,False,America/Chicago,"48.45843, -98.86283"
58379,Tokio,ND,North Dakota,True,,371.0,10.3,38005,Benson,"{""38005"": ""100""}",Benson,38005,False,False,America/Chicago,"47.90599, -98.84504"
58531,Coleharbor,ND,North Dakota,True,,418.0,1.4,38055,McLean,"{""38055"": ""100""}",McLean,38055,False,False,America/Chicago,"47.57372, -101.19518"
58627,Fairfield,ND,North Dakota,True,,172.0,0.2,38007,Billings,"{""38007"": ""100""}",Billings,38007,False,False,America/Denver,"47.23294, -103.30559"
58718,Berthold,ND,North Dakota,True,,995.0,0.9,38101,Ward,"{""38101"": ""86.25"", ""38061"": ""11.92"", ""38075"": ""1.83""}","Ward,Mountrail,Renville","38101,38061,38075",False,False,America/Chicago,"48.3124, -101.8106"
58760,Maxbass,ND,North Dakota,True,,302.0,0.8,38009,Bottineau,"{""38009"": ""100""}",Bottineau,38009,False,False,America/Chicago,"48.70279, -101.14773"
58761,Mohall,ND,North Dakota,True,,876.0,1.2,38075,Renville,"{""38075"": ""92.3"", ""38009"": ""7.7""}","Renville,Bottineau","38075,38009",False,False,America/Chicago,"48.78319, -101.53294"
58776,Ross,ND,North Dakota,True,,217.0,0.5,38061,Mountrail,"{""38061"": ""100""}",Mountrail,38061,False,False,America/Chicago,"48.2428, -102.61391"
58009,Blanchard,ND,North Dakota,True,,32.0,0.3,38097,Traill,"{""38097"": ""100""}",Traill,38097,False,False,America/Chicago,"47.32765, -97.24662"
58038,Grandin,ND,North Dakota,True,,321.0,1.4,38017,Cass,"{""38017"": ""72.59"", ""38097"": ""27.41""}","Cass,Traill","38017,38097",False,False,America/Chicago,"47.24508, -96.99583"
58329,Dunseith,ND,North Dakota,True,,3340.0,5.6,38079,Rolette,"{""38079"": ""97.74"", ""38009"": ""2.26""}","Rolette,Bottineau","38079,38009",False,False,America/Chicago,"48.87323, -100.08087"
58335,Fort Totten,ND,North Dakota,True,,1892.0,24.9,38005,Benson,"{""38005"": ""100""}",Benson,38005,False,False,America/Chicago,"47.98109, -99.02636"
58405,Jamestown,ND,North Dakota,True,,436.0,3677.1,38093,Stutsman,"{""38093"": ""100""}",Stutsman,38093,False,False,America/Chicago,"46.91548, -98.69955"
58488,Tuttle,ND,North Dakota,True,,146.0,0.2,38043,Kidder,"{""38043"": ""100""}",Kidder,38043,False,False,America/Chicago,"47.17816, -99.99624"
58545,Hazen,ND,North Dakota,True,,3488.0,4.4,38057,Mercer,"{""38057"": ""97.49"", ""38065"": ""2.51""}","Mercer,Oliver","38057,38065",False,False,America/North_Dakota/Beulah,"47.35584, -101.58061"
58565,Riverdale,ND,North Dakota,True,,210.0,28.2,38055,McLean,"{""38055"": ""100""}",McLean,38055,False,False,America/Chicago,"47.48677, -101.38317"
58579,Wilton,ND,North Dakota,True,,1338.0,2.0,38055,McLean,"{""38055"": ""58.91"", ""38015"": ""41.09""}","McLean,Burleigh","38055,38015",False,False,America/Chicago,"47.18206, -100.74"
58710,Anamoose,ND,North Dakota,True,,508.0,1.1,38049,McHenry,"{""38049"": ""71.64"", ""38083"": ""16.42"", ""38069"": ""11.94""}","McHenry,Sheridan,Pierce","38049,38083,38069",False,False,America/Chicago,"47.87229, -100.22952"
58740,Glenburn,ND,North Dakota,True,,791.0,1.8,38075,Renville,"{""38075"": ""76.16"", ""38101"": ""22.65"", ""38009"": ""1.19""}","Renville,Ward,Bottineau","38075,38101,38009",False,False,America/Chicago,"48.47179, -101.22971"
58782,Sherwood,ND,North Dakota,True,,444.0,0.9,38075,Renville,"{""38075"": ""96.56"", ""38009"": ""3.44""}","Renville,Bottineau","38075,38009",False,False,America/Chicago,"48.93922, -101.70106"
58793,Westhope,ND,North Dakota,True,,482.0,1.1,38009,Bottineau,"{""38009"": ""100""}",Bottineau,38009,False,False,America/Chicago,"48.86881, -101.0539"
58852,Tioga,ND,North Dakota,True,,1436.0,1.6,38105,Williams,"{""38105"": ""95.6"", ""38061"": ""4.4""}","Williams,Mountrail","38105,38061",False,False,America/Chicago,"48.35672, -102.95361"
58853,Trenton,ND,North Dakota,True,,207.0,21.3,38105,Williams,"{""38105"": ""100""}",Williams,38105,False,False,America/Chicago,"48.07536, -103.83679"
58035,Galesburg,ND,North Dakota,True,,247.0,1.0,38097,Traill,"{""38097"": ""76.72"", ""38017"": ""12.21"", ""38091"": ""11.07""}","Traill,Cass,Steele","38097,38017,38091",False,False,America/Chicago,"47.25455, -97.41995"
58046,Hope,ND,North Dakota,True,,499.0,0.8,38091,Steele,"{""38091"": ""93.48"", ""38003"": ""4.63"", ""38017"": ""1.89""}","Steele,Barnes,Cass","38091,38003,38017",False,False,America/Chicago,"47.32652, -97.72644"
58202,Grand Forks,ND,North Dakota,True,,1719.0,4035.6,38035,Grand Forks,"{""38035"": ""100""}",Grand Forks,38035,False,False,America/Chicago,"47.92151, -97.07356"
58281,Wales,ND,North Dakota,True,,118.0,0.4,38019,Cavalier,"{""38019"": ""100""}",Cavalier,38019,False,False,America/Chicago,"48.85821, -98.61018"
58321,Brocket,ND,North Dakota,True,,58.0,0.2,38071,Ramsey,"{""38071"": ""65.84"", ""38099"": ""18.01"", ""38063"": ""16.15""}","Ramsey,Walsh,Nelson","38071,38099,38063",False,False,America/Chicago,"48.20004, -98.33809"
58330,Edmore,ND,North Dakota,True,,276.0,0.6,38071,Ramsey,"{""38071"": ""100""}",Ramsey,38071,False,False,America/Chicago,"48.4467, -98.46952"
58338,Hampden,ND,North Dakota,True,,58.0,0.3,38071,Ramsey,"{""38071"": ""70.48"", ""38019"": ""29.52""}","Ramsey,Cavalier","38071,38019",False,False,America/Chicago,"48.5344, -98.62028"
58369,Saint John,ND,North Dakota,True,,1202.0,6.8,38079,Rolette,"{""38079"": ""100""}",Rolette,38079,False,False,America/Chicago,"48.94814, -99.79911"
58374,Sheyenne,ND,North Dakota,True,,640.0,0.9,38027,Eddy,"{""38027"": ""52.66"", ""38005"": ""43.91"", ""38103"": ""3.44""}","Eddy,Benson,Wells","38027,38005,38103",False,False,America/Chicago,"47.83247, -99.09495"
58385,Wolford,ND,North Dakota,True,,180.0,0.6,38069,Pierce,"{""38069"": ""93.33"", ""38079"": ""6.67""}","Pierce,Rolette","38069,38079",False,False,America/Chicago,"48.47849, -99.66357"
58452,Jessie,ND,North Dakota,True,,47.0,11.2,38039,Griggs,"{""38039"": ""100""}",Griggs,38039,False,False,America/Chicago,"47.54776, -98.23123"
58467,Medina,ND,North Dakota,True,,782.0,1.3,38093,Stutsman,"{""38093"": ""96.7"", ""38043"": ""3.3""}","Stutsman,Kidder","38093,38043",False,False,America/Chicago,"46.88114, -99.33368"
58503,Bismarck,ND,North Dakota,True,,34266.0,99.6,38015,Burleigh,"{""38015"": ""100""}",Burleigh,38015,False,False,America/Chicago,"46.90432, -100.75055"
58523,Beulah,ND,North Dakota,True,,3623.0,5.4,38057,Mercer,"{""38057"": ""97.79"", ""38065"": ""2.21""}","Mercer,Oliver","38057,38065",False,False,America/North_Dakota/Beulah,"47.25857, -101.77838"
58533,Elgin,ND,North Dakota,True,,1048.0,1.3,38037,Grant,"{""38037"": ""100""}",Grant,38037,False,False,America/Denver,"46.40191, -101.79675"
58651,Rhame,ND,North Dakota,True,,504.0,0.3,38011,Bowman,"{""38011"": ""78.74"", ""38087"": ""21.26""}","Bowman,Slope","38011,38087",False,False,America/Denver,"46.25558, -103.73525"
58833,Ambrose,ND,North Dakota,True,,219.0,1.0,38023,Divide,"{""38023"": ""100""}",Divide,38023,False,False,America/Chicago,"48.89109, -103.52301"
58835,Arnegard,ND,North Dakota,True,,255.0,0.4,38053,McKenzie,"{""38053"": ""100""}",McKenzie,38053,False,False,America/Chicago,"47.77465, -103.44089"
58002,Absaraka,ND,North Dakota,True,,32.0,3.5,38017,Cass,"{""38017"": ""100""}",Cass,38017,False,False,America/Chicago,"46.97633, -97.40689"
58040,Gwinner,ND,North Dakota,True,,1160.0,5.6,38081,Sargent,"{""38081"": ""100""}",Sargent,38081,False,False,America/Chicago,"46.21453, -97.76732"
58218,Buxton,ND,North Dakota,True,,906.0,2.8,38097,Traill,"{""38097"": ""100""}",Traill,38097,False,False,America/Chicago,"47.59477, -97.04589"
58228,Emerado,ND,North Dakota,True,,869.0,3.2,38035,Grand Forks,"{""38035"": ""100""}",Grand Forks,38035,False,False,America/Chicago,"47.87866, -97.35236"
58339,Hansboro,ND,North Dakota,True,,22.0,0.3,38095,Towner,"{""38095"": ""100""}",Towner,38095,False,False,America/Chicago,"48.89582, -99.44561"
58463,Mcclusky,ND,North Dakota,True,,667.0,0.7,38083,Sheridan,"{""38083"": ""100""}",Sheridan,38083,False,False,America/Chicago,"47.49072, -100.47234"
58011,Buffalo,ND,North Dakota,True,,400.0,1.4,38017,Cass,"{""38017"": ""100""}",Cass,38017,False,False,America/Chicago,"46.91871, -97.54214"
58015,Christine,ND,North Dakota,True,,282.0,5.6,38077,Richland,"{""38077"": ""100""}",Richland,38077,False,False,America/Chicago,"46.59527, -96.81651"
58229,Fairdale,ND,North Dakota,True,,79.0,0.4,38099,Walsh,"{""38099"": ""81.58"", ""38019"": ""13.16"", ""38071"": ""5.26""}","Walsh,Cavalier,Ramsey","38099,38019,38071",False,False,America/Chicago,"48.49867, -98.24331"
58269,Osnabrock,ND,North Dakota,True,,250.0,1.2,38019,Cavalier,"{""38019"": ""100""}",Cavalier,38019,False,False,America/Chicago,"48.6932, -98.16746"
58368,Rugby,ND,North Dakota,True,,3562.0,2.1,38069,Pierce,"{""38069"": ""97.5"", ""38005"": ""1.63"", ""38049"": ""0.87""}","Pierce,Benson,McHenry","38069,38005,38049",False,False,America/Chicago,"48.25641, -100.04448"
58423,Chaseley,ND,North Dakota,True,,44.0,0.2,38103,Wells,"{""38103"": ""85.9"", ""38043"": ""14.1""}","Wells,Kidder","38103,38043",False,False,America/Chicago,"47.41106, -99.82589"
58436,Ellendale,ND,North Dakota,True,,1676.0,2.0,38021,Dickey,"{""38021"": ""100""}",Dickey,38021,False,False,America/Chicago,"46.08765, -98.57873"
58486,Sykeston,ND,North Dakota,True,,241.0,0.6,38103,Wells,"{""38103"": ""93.51"", ""38093"": ""6.49""}","Wells,Stutsman","38103,38093",False,False,America/Chicago,"47.39046, -99.39125"
58501,Bismarck,ND,North Dakota,True,,30124.0,479.4,38015,Burleigh,"{""38015"": ""100""}",Burleigh,38015,False,False,America/Chicago,"46.81868, -100.70201"
58640,Killdeer,ND,North Dakota,True,,1545.0,1.4,38025,Dunn,"{""38025"": ""100""}",Dunn,38025,False,False,America/Denver,"47.45234, -102.90254"
58655,South Heart,ND,North Dakota,True,,561.0,2.2,38089,Stark,"{""38089"": ""100""}",Stark,38089,False,False,America/Denver,"46.77518, -103.03399"
58727,Columbus,ND,North Dakota,True,,275.0,0.4,38013,Burke,"{""38013"": ""100""}",Burke,38013,False,False,America/Chicago,"48.84349, -102.798"
58849,Ray,ND,North Dakota,True,,790.0,1.2,38105,Williams,"{""38105"": ""100""}",Williams,38105,False,False,America/Chicago,"48.31884, -103.1997"
58045,Hillsboro,ND,North Dakota,True,,2045.0,3.9,38097,Traill,"{""38097"": ""100""}",Traill,38097,False,False,America/Chicago,"47.38296, -97.02403"
58222,Crystal,ND,North Dakota,True,,282.0,1.3,38067,Pembina,"{""38067"": ""100""}",Pembina,38067,False,False,America/Chicago,"48.61521, -97.68156"
58254,Mcville,ND,North Dakota,True,,535.0,2.0,38063,Nelson,"{""38063"": ""100""}",Nelson,38063,False,False,America/Chicago,"47.77265, -98.14239"
58332,Esmond,ND,North Dakota,True,,316.0,0.6,38005,Benson,"{""38005"": ""90.94"", ""38069"": ""9.06""}","Benson,Pierce","38005,38069",False,False,America/Chicago,"48.04184, -99.76173"
58478,Robinson,ND,North Dakota,True,,114.0,0.3,38043,Kidder,"{""38043"": ""100""}",Kidder,38043,False,False,America/Chicago,"47.17486, -99.74566"
58487,Tappen,ND,North Dakota,True,,591.0,0.9,38043,Kidder,"{""38043"": ""100""}",Kidder,38043,False,False,America/Chicago,"46.85757, -99.59723"
58581,Zeeland,ND,North Dakota,True,,254.0,0.7,38051,McIntosh,"{""38051"": ""100""}",McIntosh,38051,False,False,America/Chicago,"46.03994, -99.78126"
58032,Forman,ND,North Dakota,True,,670.0,2.5,38081,Sargent,"{""38081"": ""100""}",Sargent,38081,False,False,America/Chicago,"46.07633, -97.64174"
58033,Fort Ransom,ND,North Dakota,True,,454.0,1.3,38073,Ransom,"{""38073"": ""100""}",Ransom,38073,False,False,America/Chicago,"46.43678, -97.92796"
58043,Havana,ND,North Dakota,True,,159.0,1.1,38081,Sargent,"{""38081"": ""100""}",Sargent,38081,False,False,America/Chicago,"45.97677, -97.541"
58053,Lidgerwood,ND,North Dakota,True,,1154.0,2.0,38077,Richland,"{""38077"": ""90.86"", ""38081"": ""9.14""}","Richland,Sargent","38077,38081",False,False,America/Chicago,"46.06393, -97.17997"
58062,Nome,ND,North Dakota,True,,160.0,1.1,38003,Barnes,"{""38003"": ""72.99"", ""38073"": ""27.01""}","Barnes,Ransom","38003,38073",False,False,America/Chicago,"46.63602, -97.8284"
58071,Tower City,ND,North Dakota,True,,460.0,1.7,38017,Cass,"{""38017"": ""82.64"", ""38003"": ""17.36""}","Cass,Barnes","38017,38003",False,False,America/Chicago,"46.95518, -97.67832"
58275,Reynolds,ND,North Dakota,True,,748.0,2.8,38035,Grand Forks,"{""38035"": ""56.07"", ""38097"": ""43.93""}","Grand Forks,Traill","38035,38097",False,False,America/Chicago,"47.68513, -97.11637"
58343,Knox,ND,North Dakota,True,,60.0,0.4,38005,Benson,"{""38005"": ""100""}",Benson,38005,False,False,America/Chicago,"48.29739, -99.72223"
58439,Forbes,ND,North Dakota,True,,112.0,0.3,46089,McPherson,"{""46089"": ""52.26"", ""38021"": ""47.74""}","McPherson,Dickey","46089,38021",False,False,America/Chicago,"45.9824, -98.83447"
58448,Hannaford,ND,North Dakota,True,,311.0,0.8,38039,Griggs,"{""38039"": ""100""}",Griggs,38039,False,False,America/Chicago,"47.31125, -98.22024"
58494,Wing,ND,North Dakota,True,,262.0,0.3,38015,Burleigh,"{""38015"": ""100""}",Burleigh,38015,False,False,America/Chicago,"47.15652, -100.28022"
58542,Hague,ND,North Dakota,True,,239.0,0.5,38029,Emmons,"{""38029"": ""100""}",Emmons,38029,False,False,America/Chicago,"46.05021, -100.01432"
58631,Glen Ullin,ND,North Dakota,True,,1157.0,1.2,38059,Morton,"{""38059"": ""91.13"", ""38037"": ""5.48"", ""38057"": ""3.39""}","Morton,Grant,Mercer","38059,38037,38057",False,False,America/North_Dakota/New_Salem,"46.79977, -101.81892"
58716,Benedict,ND,North Dakota,True,,104.0,0.6,38055,McLean,"{""38055"": ""87.07"", ""38101"": ""12.93""}","McLean,Ward","38055,38101",False,False,America/Chicago,"47.81791, -101.07158"
58755,Mcgregor,ND,North Dakota,True,,155.0,0.7,38105,Williams,"{""38105"": ""61.24"", ""38023"": ""27.91"", ""38013"": ""10.85""}","Williams,Divide,Burke","38105,38023,38013",False,False,America/Chicago,"48.62398, -102.94595"
58788,Towner,ND,North Dakota,True,,1185.0,0.9,38049,McHenry,"{""38049"": ""96.44"", ""38069"": ""3.56""}","McHenry,Pierce","38049,38069",False,False,America/Chicago,"48.3423, -100.48054"
58041,Hankinson,ND,North Dakota,True,,1514.0,2.9,38077,Richland,"{""38077"": ""100""}",Richland,38077,False,False,America/Chicago,"46.04969, -96.9145"
58060,Milnor,ND,North Dakota,True,,1244.0,2.0,38081,Sargent,"{""38081"": ""77.73"", ""38073"": ""22.27""}","Sargent,Ransom","38081,38073",False,False,America/Chicago,"46.26494, -97.43421"
58372,Sarles,ND,North Dakota,True,,121.0,0.4,38019,Cavalier,"{""38019"": ""66.04"", ""38095"": ""33.96""}","Cavalier,Towner","38019,38095",False,False,America/Chicago,"48.94534, -98.99627"
58380,Tolna,ND,North Dakota,True,,377.0,0.8,38063,Nelson,"{""38063"": ""65.84"", ""38027"": ""31.22"", ""38005"": ""2.94""}","Nelson,Eddy,Benson","38063,38027,38005",False,False,America/Chicago,"47.83163, -98.51521"
58451,Hurdsfield,ND,North Dakota,True,,133.0,0.4,38103,Wells,"{""38103"": ""100""}",Wells,38103,False,False,America/Chicago,"47.45155, -99.95301"
58036,Gardner,ND,North Dakota,True,,237.0,1.2,38017,Cass,"{""38017"": ""100""}",Cass,38017,False,False,America/Chicago,"47.15557, -96.94807"
58102,Fargo,ND,North Dakota,True,,29621.0,366.1,38017,Cass,"{""38017"": ""100""}",Cass,38017,False,False,America/Chicago,"46.9209, -96.83183"
58225,Drayton,ND,North Dakota,True,,956.0,1.6,38067,Pembina,"{""38067"": ""84.98"", ""38099"": ""8.71"", ""27069"": ""6.31""}","Pembina,Walsh,Kittson","38067,38099,27069",False,False,America/Chicago,"48.61036, -97.21566"
58318,Bottineau,ND,North Dakota,True,,3901.0,5.3,38009,Bottineau,"{""38009"": ""100""}",Bottineau,38009,False,False,America/Chicago,"48.85463, -100.41887"
58529,Carson,ND,North Dakota,True,,598.0,0.5,38037,Grant,"{""38037"": ""100""}",Grant,38037,False,False,America/Denver,"46.29985, -101.55514"
58549,Kintyre,ND,North Dakota,True,,256.0,0.5,38029,Emmons,"{""38029"": ""56.07"", ""38047"": ""39.25"", ""38043"": ""4.67""}","Emmons,Logan,Kidder","38029,38047,38043",False,False,America/Chicago,"46.47464, -99.93629"
58744,Karlsruhe,ND,North Dakota,True,,109.0,0.5,38049,McHenry,"{""38049"": ""100""}",McHenry,38049,False,False,America/Chicago,"48.11917, -100.6232"
58756,Makoti,ND,North Dakota,True,,185.0,0.8,38101,Ward,"{""38101"": ""94"", ""38061"": ""6""}","Ward,Mountrail","38101,38061",False,False,America/Chicago,"47.9681, -101.81016"
